timestamp,open,high,low,close,volume
2025-06-06 15:40:56.393256,20185,20182,20168,20171,70
2025-06-06 15:41:56.393256,20161,20171,20168,20175,199
2025-06-06 15:42:56.393256,20171,20184,20171,20180,218
2025-06-06 15:43:56.393256,20184,20184,20170,20175,134
2025-06-06 15:44:56.393256,20177,20178,20171,20174,54
2025-06-06 15:45:56.393256,20177,20176,20170,20169,65
2025-06-06 15:46:56.393256,20178,20174,20163,20177,225
2025-06-06 15:47:56.393256,20182,20180,20176,20172,266
2025-06-06 15:48:56.393256,20166,20180,20171,20174,197
2025-06-06 15:49:56.393256,20169,20178,20171,20179,239
2025-06-06 15:50:56.393256,20180,20186,20175,20177,223
2025-06-06 15:51:56.393256,20172,20182,20173,20181,91
2025-06-06 15:52:56.393256,20186,20182,20174,20181,185
2025-06-06 15:53:56.393256,20180,20187,20180,20181,196
2025-06-06 15:54:56.393256,20187,20182,20175,20175,210
2025-06-06 15:55:56.393256,20175,20184,20173,20178,80
2025-06-06 15:56:56.393256,20178,20187,20173,20186,18
2025-06-06 15:57:56.393256,20185,20191,20185,20177,73
2025-06-06 15:58:56.393256,20176,20185,20167,20184,43
2025-06-06 15:59:56.393256,20175,20185,20174,20192,116
2025-06-06 16:00:56.393256,20186,20200,20190,20194,20
2025-06-06 16:01:56.393256,20190,20198,20186,20189,30
2025-06-06 16:02:56.393256,20185,20192,20187,20185,36
2025-06-06 16:03:56.393256,20194,20192,20175,20178,165
2025-06-06 16:04:56.393256,20168,20182,20170,20169,149
2025-06-06 16:05:56.393256,20159,20178,20168,20165,46
2025-06-06 16:06:56.393256,20171,20167,20163,20172,130
2025-06-06 16:07:56.393256,20166,20173,20171,20168,157
2025-06-06 16:08:56.393256,20174,20171,20167,20171,225
2025-06-06 16:09:56.393256,20175,20178,20168,20162,209
2025-06-06 16:10:56.393256,20156,20170,20159,20166,268
2025-06-06 16:11:56.393256,20172,20166,20157,20156,149
2025-06-06 16:12:56.393256,20154,20161,20146,20146,134
2025-06-06 16:13:56.393256,20138,20151,20139,20142,15
2025-06-06 16:14:56.393256,20145,20142,20140,20152,141
2025-06-06 16:15:56.393256,20155,20152,20146,20151,80
2025-06-06 16:16:56.393256,20142,20158,20146,20153,217
2025-06-06 16:17:56.393256,20157,20158,20143,20152,274
2025-06-06 16:18:56.393256,20161,20154,20146,20158,263
2025-06-06 16:19:56.393256,20161,20163,20149,20158,23
2025-06-06 16:20:56.393256,20148,20167,20157,20159,265
2025-06-06 16:21:56.393256,20156,20167,20152,20166,144
2025-06-06 16:22:56.393256,20174,20172,20162,20156,149
2025-06-06 16:23:56.393256,20157,20158,20148,20147,72
2025-06-06 16:24:56.393256,20153,20147,20140,20154,122
2025-06-06 16:25:56.393256,20161,20162,20151,20146,100
2025-06-06 16:26:56.393256,20136,20151,20138,20156,299
2025-06-06 16:27:56.393256,20164,20156,20149,20152,203
2025-06-06 16:28:56.393256,20158,20160,20148,20145,50
2025-06-06 16:29:56.393256,20135,20150,20135,20148,119
2025-06-06 16:30:56.393256,20145,20154,20147,20145,157
2025-06-06 16:31:56.393256,20152,20146,20136,20154,168
2025-06-06 16:32:56.393256,20149,20159,20150,20144,198
2025-06-06 16:33:56.393256,20136,20146,20142,20150,190
2025-06-06 16:34:56.393256,20145,20150,20149,20156,184
2025-06-06 16:35:56.393256,20158,20164,20146,20147,53
2025-06-06 16:36:56.393256,20145,20148,20142,20137,110
2025-06-06 16:37:56.393256,20139,20144,20135,20133,252
2025-06-06 16:38:56.393256,20126,20138,20129,20139,294
2025-06-06 16:39:56.393256,20130,20140,20134,20137,144
2025-06-06 16:40:56.393256,20141,20141,20135,20143,159
2025-06-06 16:41:56.393256,20149,20147,20138,20142,58
2025-06-06 16:42:56.393256,20148,20151,20132,20150,204
2025-06-06 16:43:56.393256,20146,20156,20144,20160,229
2025-06-06 16:44:56.393256,20161,20168,20156,20161,263
2025-06-06 16:45:56.393256,20169,20168,20156,20158,52
2025-06-06 16:46:56.393256,20153,20162,20151,20165,283
2025-06-06 16:47:56.393256,20157,20171,20155,20158,65
2025-06-06 16:48:56.393256,20167,20163,20150,20163,97
2025-06-06 16:49:56.393256,20161,20163,20153,20161,13
2025-06-06 16:50:56.393256,20154,20161,20152,20162,274
2025-06-06 16:51:56.393256,20152,20162,20155,20168,61
2025-06-06 16:52:56.393256,20172,20177,20160,20167,110
2025-06-06 16:53:56.393256,20159,20168,20166,20171,54
2025-06-06 16:54:56.393256,20171,20172,20165,20165,203
2025-06-06 16:55:56.393256,20173,20167,20157,20160,280
2025-06-06 16:56:56.393256,20166,20162,20152,20151,241
2025-06-06 16:57:56.393256,20151,20155,20149,20151,164
2025-06-06 16:58:56.393256,20158,20154,20144,20152,291
2025-06-06 16:59:56.393256,20143,20157,20149,20161,163
2025-06-06 17:00:56.393256,20151,20165,20159,20170,238
2025-06-06 17:01:56.393256,20163,20173,20161,20171,109
2025-06-06 17:02:56.393256,20166,20178,20169,20178,43
2025-06-06 17:03:56.393256,20186,20183,20175,20180,283
2025-06-06 17:04:56.393256,20188,20189,20178,20178,12
2025-06-06 17:05:56.393256,20172,20181,20169,20168,98
2025-06-06 17:06:56.393256,20166,20177,20161,20164,92
2025-06-06 17:07:56.393256,20165,20169,20162,20154,81
2025-06-06 17:08:56.393256,20149,20157,20145,20164,186
2025-06-06 17:09:56.393256,20162,20167,20154,20173,214
2025-06-06 17:10:56.393256,20177,20180,20168,20171,98
2025-06-06 17:11:56.393256,20170,20172,20165,20181,286
2025-06-06 17:12:56.393256,20180,20183,20177,20191,66
2025-06-06 17:13:56.393256,20199,20192,20182,20187,103
2025-06-06 17:14:56.393256,20178,20187,20180,20178,220
2025-06-06 17:15:56.393256,20171,20179,20171,20188,236
2025-06-06 17:16:56.393256,20195,20196,20181,20191,192
2025-06-06 17:17:56.393256,20182,20194,20186,20192,192
2025-06-06 17:18:56.393256,20194,20199,20191,20186,294
2025-06-06 17:19:56.393256,20194,20192,20184,20176,124
2025-06-06 17:20:56.393256,20172,20176,20175,20180,16
2025-06-06 17:21:56.393256,20184,20181,20172,20181,247
2025-06-06 17:22:56.393256,20178,20190,20171,20175,15
2025-06-06 17:23:56.393256,20166,20179,20170,20165,223
2025-06-06 17:24:56.393256,20165,20173,20164,20159,285
2025-06-06 17:25:56.393256,20158,20159,20157,20151,172
2025-06-06 17:26:56.393256,20158,20154,20145,20149,274
2025-06-06 17:27:56.393256,20142,20149,20146,20153,186
2025-06-06 17:28:56.393256,20149,20153,20147,20159,264
2025-06-06 17:29:56.393256,20152,20159,20151,20158,48
2025-06-06 17:30:56.393256,20155,20158,20151,20150,72
2025-06-06 17:31:56.393256,20150,20153,20143,20151,294
2025-06-06 17:32:56.393256,20148,20157,20150,20141,44
2025-06-06 17:33:56.393256,20145,20145,20138,20136,257
2025-06-06 17:34:56.393256,20127,20143,20128,20140,10
2025-06-06 17:35:56.393256,20140,20141,20132,20148,15
2025-06-06 17:36:56.393256,20142,20151,20147,20144,115
2025-06-06 17:37:56.393256,20140,20153,20135,20146,268
2025-06-06 17:38:56.393256,20139,20149,20142,20148,171
2025-06-06 17:39:56.393256,20150,20149,20140,20146,182
2025-06-06 17:40:56.393256,20143,20150,20141,20138,194
2025-06-06 17:41:56.393256,20137,20139,20128,20138,164
2025-06-06 17:42:56.393256,20139,20139,20133,20142,112
2025-06-06 17:43:56.393256,20144,20150,20141,20132,230
2025-06-06 17:44:56.393256,20126,20140,20131,20129,166
2025-06-06 17:45:56.393256,20134,20133,20127,20124,247
2025-06-06 17:46:56.393256,20123,20132,20117,20122,147
2025-06-06 17:47:56.393256,20119,20128,20115,20126,199
2025-06-06 17:48:56.393256,20125,20129,20117,20117,271
2025-06-06 17:49:56.393256,20125,20121,20116,20118,54
2025-06-06 17:50:56.393256,20118,20124,20111,20115,159
2025-06-06 17:51:56.393256,20106,20115,20112,20111,76
2025-06-06 17:52:56.393256,20115,20120,20109,20118,146
2025-06-06 17:53:56.393256,20125,20123,20112,20128,271
2025-06-06 17:54:56.393256,20137,20136,20122,20131,185
2025-06-06 17:55:56.393256,20139,20131,20129,20140,64
2025-06-06 17:56:56.393256,20146,20146,20131,20134,66
2025-06-06 17:57:56.393256,20139,20142,20133,20125,97
2025-06-06 17:58:56.393256,20126,20126,20118,20121,145
2025-06-06 17:59:56.393256,20128,20125,20115,20118,62
2025-06-06 18:00:56.393256,20126,20121,20114,20115,136
2025-06-06 18:01:56.393256,20118,20124,20107,20115,289
2025-06-06 18:02:56.393256,20105,20121,20114,20113,246
2025-06-06 18:03:56.393256,20104,20115,20108,20113,217
2025-06-06 18:04:56.393256,20122,20122,20105,20122,179
2025-06-06 18:05:56.393256,20122,20130,20121,20129,70
2025-06-06 18:06:56.393256,20132,20138,20120,20132,33
2025-06-06 18:07:56.393256,20140,20136,20128,20132,244
2025-06-06 18:08:56.393256,20141,20134,20126,20128,16
2025-06-06 18:09:56.393256,20118,20136,20118,20125,53
2025-06-06 18:10:56.393256,20132,20132,20124,20127,67
2025-06-06 18:11:56.393256,20122,20130,20121,20134,112
2025-06-06 18:12:56.393256,20125,20140,20131,20142,150
2025-06-06 18:13:56.393256,20143,20151,20134,20139,21
2025-06-06 18:14:56.393256,20143,20145,20137,20148,199
2025-06-06 18:15:56.393256,20138,20153,20144,20138,11
2025-06-06 18:16:56.393256,20139,20142,20134,20136,253
2025-06-06 18:17:56.393256,20138,20145,20135,20128,243
2025-06-06 18:18:56.393256,20135,20135,20124,20136,264
2025-06-06 18:19:56.393256,20132,20145,20135,20130,253
2025-06-06 18:20:56.393256,20123,20133,20123,20129,148
2025-06-06 18:21:56.393256,20131,20129,20123,20132,36
2025-06-06 18:22:56.393256,20130,20136,20124,20128,70
2025-06-06 18:23:56.393256,20129,20136,20119,20123,41
2025-06-06 18:24:56.393256,20114,20123,20117,20132,83
2025-06-06 18:25:56.393256,20140,20136,20129,20132,260
2025-06-06 18:26:56.393256,20128,20135,20126,20135,230
2025-06-06 18:27:56.393256,20128,20139,20125,20135,271
2025-06-06 18:28:56.393256,20132,20137,20130,20130,199
2025-06-06 18:29:56.393256,20137,20134,20124,20126,98
2025-06-06 18:30:56.393256,20122,20131,20119,20125,114
2025-06-06 18:31:56.393256,20117,20132,20119,20124,50
2025-06-06 18:32:56.393256,20121,20126,20120,20129,250
2025-06-06 18:33:56.393256,20137,20132,20124,20135,180
2025-06-06 18:34:56.393256,20143,20139,20133,20142,157
2025-06-06 18:35:56.393256,20139,20146,20135,20139,231
2025-06-06 18:36:56.393256,20141,20140,20133,20145,91
2025-06-06 18:37:56.393256,20139,20154,20135,20152,159
2025-06-06 18:38:56.393256,20160,20159,20142,20158,111
2025-06-06 18:39:56.393256,20167,20159,20157,20159,182
2025-06-06 18:40:56.393256,20165,20162,20151,20161,167
2025-06-06 18:41:56.393256,20169,20162,20151,20155,76
2025-06-06 18:42:56.393256,20153,20162,20152,20152,180
2025-06-06 18:43:56.393256,20151,20157,20147,20143,106
2025-06-06 18:44:56.393256,20145,20150,20135,20153,101
2025-06-06 18:45:56.393256,20147,20155,20144,20147,78
2025-06-06 18:46:56.393256,20137,20151,20145,20156,185
2025-06-06 18:47:56.393256,20152,20162,20149,20148,153
2025-06-06 18:48:56.393256,20141,20157,20143,20145,113
2025-06-06 18:49:56.393256,20154,20145,20137,20150,32
2025-06-06 18:50:56.393256,20154,20157,20142,20156,295
2025-06-06 18:51:56.393256,20165,20161,20148,20148,68
2025-06-06 18:52:56.393256,20147,20151,20142,20154,275
2025-06-06 18:53:56.393256,20146,20162,20147,20162,72
2025-06-06 18:54:56.393256,20164,20164,20157,20161,259
2025-06-06 18:55:56.393256,20151,20161,20153,20166,250
2025-06-06 18:56:56.393256,20167,20174,20159,20159,99
2025-06-06 18:57:56.393256,20149,20167,20157,20151,59
2025-06-06 18:58:56.393256,20157,20152,20141,20152,283
2025-06-06 18:59:56.393256,20158,20153,20142,20146,142
2025-06-06 19:00:56.393256,20141,20155,20139,20141,299
2025-06-06 19:01:56.393256,20146,20150,20140,20140,185
2025-06-06 19:02:56.393256,20142,20142,20139,20143,11
2025-06-06 19:03:56.393256,20140,20151,20140,20152,66
2025-06-06 19:04:56.393256,20161,20161,20143,20158,159
2025-06-06 19:05:56.393256,20159,20158,20153,20151,105
2025-06-06 19:06:56.393256,20144,20159,20142,20160,127
2025-06-06 19:07:56.393256,20154,20163,20156,20168,209
2025-06-06 19:08:56.393256,20162,20168,20166,20163,114
2025-06-06 19:09:56.393256,20157,20170,20159,20157,249
2025-06-06 19:10:56.393256,20160,20160,20154,20149,175
2025-06-06 19:11:56.393256,20144,20149,20146,20148,122
2025-06-06 19:12:56.393256,20142,20151,20147,20153,23
2025-06-06 19:13:56.393256,20162,20160,20143,20146,242
2025-06-06 19:14:56.393256,20141,20151,20141,20145,252
2025-06-06 19:15:56.393256,20148,20151,20142,20146,283
2025-06-06 19:16:56.393256,20143,20149,20142,20151,255
2025-06-06 19:17:56.393256,20150,20154,20145,20148,47
2025-06-06 19:18:56.393256,20151,20155,20145,20139,173
2025-06-06 19:19:56.393256,20132,20145,20131,20130,259
2025-06-06 19:20:56.393256,20123,20133,20127,20124,79
2025-06-06 19:21:56.393256,20125,20131,20121,20120,211
2025-06-06 19:22:56.393256,20119,20122,20115,20114,275
2025-06-06 19:23:56.393256,20117,20123,20104,20107,74
2025-06-06 19:24:56.393256,20105,20114,20106,20105,189
2025-06-06 19:25:56.393256,20104,20113,20100,20115,26
2025-06-06 19:26:56.393256,20112,20120,20113,20118,241
2025-06-06 19:27:56.393256,20116,20121,20112,20117,138
2025-06-06 19:28:56.393256,20114,20126,20116,20111,127
2025-06-06 19:29:56.393256,20113,20115,20110,20112,298
2025-06-06 19:30:56.393256,20113,20116,20109,20111,66
2025-06-06 19:31:56.393256,20107,20120,20110,20111,207
2025-06-06 19:32:56.393256,20110,20115,20110,20109,226
2025-06-06 19:33:56.393256,20099,20116,20103,20110,247
2025-06-06 19:34:56.393256,20115,20119,20109,20117,148
2025-06-06 19:35:56.393256,20116,20121,20107,20122,259
2025-06-06 19:36:56.393256,20129,20123,20118,20124,163
2025-06-06 19:37:56.393256,20126,20127,20115,20131,50
2025-06-06 19:38:56.393256,20137,20138,20129,20121,47
2025-06-06 19:39:56.393256,20123,20125,20119,20124,178
2025-06-06 19:40:56.393256,20120,20129,20116,20133,293
2025-06-06 19:41:56.393256,20134,20134,20124,20130,126
2025-06-06 19:42:56.393256,20126,20139,20129,20131,263
2025-06-06 19:43:56.393256,20122,20136,20125,20134,18
2025-06-06 19:44:56.393256,20143,20137,20130,20143,158
2025-06-06 19:45:56.393256,20141,20152,20133,20146,99
2025-06-06 19:46:56.393256,20145,20151,20138,20136,165
2025-06-06 19:47:56.393256,20127,20144,20130,20131,40
2025-06-06 19:48:56.393256,20134,20139,20130,20133,38
2025-06-06 19:49:56.393256,20129,20136,20126,20139,295
2025-06-06 19:50:56.393256,20145,20140,20134,20131,191
2025-06-06 19:51:56.393256,20122,20134,20122,20136,110
2025-06-06 19:52:56.393256,20141,20144,20134,20144,252
2025-06-06 19:53:56.393256,20138,20147,20142,20142,220
2025-06-06 19:54:56.393256,20143,20146,20133,20151,43
2025-06-06 19:55:56.393256,20144,20156,20148,20158,189
2025-06-06 19:56:56.393256,20156,20164,20150,20150,128
2025-06-06 19:57:56.393256,20144,20152,20144,20143,76
2025-06-06 19:58:56.393256,20151,20143,20133,20134,296
2025-06-06 19:59:56.393256,20126,20135,20133,20127,177
2025-06-06 20:00:56.393256,20130,20128,20118,20127,247
2025-06-06 20:01:56.393256,20118,20132,20125,20131,141
2025-06-06 20:02:56.393256,20123,20133,20121,20140,162
2025-06-06 20:03:56.393256,20137,20142,20136,20139,255
2025-06-06 20:04:56.393256,20137,20142,20131,20129,258
2025-06-06 20:05:56.393256,20121,20138,20126,20135,39
2025-06-06 20:06:56.393256,20127,20135,20133,20127,102
2025-06-06 20:07:56.393256,20118,20133,20125,20123,248
2025-06-06 20:08:56.393256,20121,20127,20117,20120,252
2025-06-06 20:09:56.393256,20128,20123,20112,20113,156
2025-06-06 20:10:56.393256,20120,20118,20103,20118,262
2025-06-06 20:11:56.393256,20116,20125,20116,20113,246
2025-06-06 20:12:56.393256,20121,20121,20108,20118,148
2025-06-06 20:13:56.393256,20108,20122,20108,20117,80
2025-06-06 20:14:56.393256,20125,20117,20112,20109,221
2025-06-06 20:15:56.393256,20117,20110,20107,20102,168
2025-06-06 20:16:56.393256,20098,20102,20095,20099,96
2025-06-06 20:17:56.393256,20091,20106,20092,20107,16
2025-06-06 20:18:56.393256,20110,20112,20100,20115,12
2025-06-06 20:19:56.393256,20121,20121,20105,20124,118
2025-06-06 20:20:56.393256,20122,20133,20120,20114,86
2025-06-06 20:21:56.393256,20107,20116,20110,20105,287
2025-06-06 20:22:56.393256,20101,20105,20103,20097,275
2025-06-06 20:23:56.393256,20106,20100,20094,20105,272
2025-06-06 20:24:56.393256,20102,20107,20099,20115,213
2025-06-06 20:25:56.393256,20124,20121,20106,20117,183
2025-06-06 20:26:56.393256,20108,20120,20115,20125,31
2025-06-06 20:27:56.394257,20123,20131,20123,20116,185
2025-06-06 20:28:56.394257,20114,20124,20115,20112,192
2025-06-06 20:29:56.394257,20119,20117,20106,20114,235
2025-06-06 20:30:56.394257,20119,20121,20108,20124,199
2025-06-06 20:31:56.394257,20132,20133,20116,20122,149
2025-06-06 20:32:56.394257,20131,20131,20118,20119,200
2025-06-06 20:33:56.394257,20126,20121,20116,20112,237
2025-06-06 20:34:56.394257,20114,20116,20109,20118,161
2025-06-06 20:35:56.394257,20113,20126,20108,20122,243
2025-06-06 20:36:56.394257,20130,20130,20120,20123,64
2025-06-06 20:37:56.394257,20125,20131,20120,20116,156
2025-06-06 20:38:56.394257,20114,20123,20110,20108,12
2025-06-06 20:39:56.394257,20104,20116,20103,20115,246
2025-06-06 20:40:56.394257,20115,20123,20106,20105,244
2025-06-06 20:41:56.394257,20104,20107,20102,20112,228
2025-06-06 20:42:56.394257,20111,20121,20105,20116,75
2025-06-06 20:43:56.394257,20118,20124,20107,20113,84
2025-06-06 20:44:56.394257,20109,20119,20112,20122,295
2025-06-06 20:45:56.394257,20113,20131,20117,20126,252
2025-06-06 20:46:56.394257,20118,20126,20119,20124,48
2025-06-06 20:47:56.394257,20121,20130,20117,20128,140
2025-06-06 20:48:56.394257,20128,20132,20121,20133,137
2025-06-06 20:49:56.394257,20139,20133,20131,20134,294
2025-06-06 20:50:56.394257,20130,20140,20131,20133,278
2025-06-06 20:51:56.394257,20131,20137,20132,20135,154
2025-06-06 20:52:56.394257,20137,20135,20131,20136,273
2025-06-06 20:53:56.394257,20141,20145,20131,20139,190
2025-06-06 20:54:56.394257,20135,20141,20131,20130,69
2025-06-06 20:55:56.394257,20120,20134,20126,20136,233
2025-06-06 20:56:56.394257,20140,20140,20128,20126,229
2025-06-06 20:57:56.394257,20135,20135,20116,20128,42
2025-06-06 20:58:56.394257,20131,20129,20121,20127,281
2025-06-06 20:59:56.394257,20131,20136,20121,20118,140
2025-06-06 21:00:56.394257,20115,20124,20110,20128,68
2025-06-06 21:01:56.394257,20123,20132,20121,20125,28
2025-06-06 21:02:56.394257,20131,20128,20121,20132,216
2025-06-06 21:03:56.394257,20141,20133,20129,20130,233
2025-06-06 21:04:56.394257,20120,20131,20125,20128,235
2025-06-06 21:05:56.394257,20125,20137,20126,20127,130
2025-06-06 21:06:56.394257,20133,20130,20121,20126,173
2025-06-06 21:07:56.394257,20130,20126,20116,20125,200
2025-06-06 21:08:56.394257,20118,20132,20116,20117,19
2025-06-06 21:09:56.394257,20119,20117,20107,20111,246
2025-06-06 21:10:56.394257,20102,20118,20103,20107,283
2025-06-06 21:11:56.394257,20116,20114,20099,20114,138
2025-06-06 21:12:56.394257,20116,20121,20105,20120,138
2025-06-06 21:13:56.394257,20126,20120,20118,20126,131
2025-06-06 21:14:56.394257,20130,20133,20117,20121,76
2025-06-06 21:15:56.394257,20129,20128,20118,20122,65
2025-06-06 21:16:56.394257,20131,20129,20112,20124,168
2025-06-06 21:17:56.394257,20118,20130,20120,20122,50
2025-06-06 21:18:56.394257,20122,20126,20113,20115,61
2025-06-06 21:19:56.394257,20111,20119,20113,20115,108
2025-06-06 21:20:56.394257,20113,20124,20109,20124,297
2025-06-06 21:21:56.394257,20133,20126,20114,20117,54
2025-06-06 21:22:56.394257,20111,20122,20108,20114,190
2025-06-06 21:23:56.394257,20123,20123,20104,20122,143
2025-06-06 21:24:56.394257,20129,20125,20119,20118,233
2025-06-06 21:25:56.394257,20113,20121,20112,20120,172
2025-06-06 21:26:56.394257,20126,20124,20117,20117,53
2025-06-06 21:27:56.394257,20119,20120,20109,20111,83
2025-06-06 21:28:56.394257,20115,20120,20109,20118,170
2025-06-06 21:29:56.394257,20117,20125,20109,20115,103
2025-06-06 21:30:56.394257,20120,20121,20112,20113,97
2025-06-06 21:31:56.394257,20122,20121,20109,20110,48
2025-06-06 21:32:56.394257,20116,20113,20103,20109,184
2025-06-06 21:33:56.394257,20113,20110,20104,20106,146
2025-06-06 21:34:56.394257,20102,20112,20097,20116,125
2025-06-06 21:35:56.394257,20115,20121,20107,20114,222
2025-06-06 21:36:56.394257,20104,20115,20104,20111,19
2025-06-06 21:37:56.394257,20114,20112,20102,20101,176
2025-06-06 21:38:56.394257,20099,20104,20092,20097,54
2025-06-06 21:39:56.394257,20087,20101,20091,20099,166
2025-06-06 21:40:56.394257,20091,20105,20091,20101,97
2025-06-06 21:41:56.394257,20104,20105,20099,20097,58
2025-06-06 21:42:56.394257,20087,20098,20087,20089,259
2025-06-06 21:43:56.394257,20097,20094,20084,20088,267
2025-06-06 21:44:56.394257,20093,20096,20087,20095,281
2025-06-06 21:45:56.394257,20089,20098,20085,20101,196
2025-06-06 21:46:56.394257,20109,20110,20093,20091,26
2025-06-06 21:47:56.394257,20089,20092,20086,20094,76
2025-06-06 21:48:56.394257,20095,20103,20093,20094,199
2025-06-06 21:49:56.394257,20101,20095,20092,20093,277
2025-06-06 21:50:56.394257,20087,20094,20083,20085,225
2025-06-06 21:51:56.394257,20092,20092,20076,20089,75
2025-06-06 21:52:56.394257,20089,20098,20084,20091,162
2025-06-06 21:53:56.394257,20095,20095,20088,20082,145
2025-06-06 21:54:56.394257,20076,20088,20081,20072,286
2025-06-06 21:55:56.394257,20065,20080,20062,20075,244
2025-06-06 21:56:56.394257,20073,20078,20070,20067,163
2025-06-06 21:57:56.394257,20066,20068,20065,20061,232
2025-06-06 21:58:56.394257,20062,20066,20059,20058,257
2025-06-06 21:59:56.394257,20053,20067,20057,20058,206
2025-06-06 22:00:56.394257,20049,20067,20056,20068,102
2025-06-06 22:01:56.394257,20065,20070,20062,20069,167
2025-06-06 22:02:56.394257,20068,20069,20065,20079,265
2025-06-06 22:03:56.394257,20085,20083,20069,20078,90
2025-06-06 22:04:56.394257,20086,20085,20071,20088,172
2025-06-06 22:05:56.394257,20079,20097,20084,20080,28
2025-06-06 22:06:56.394257,20075,20080,20071,20084,269
2025-06-06 22:07:56.394257,20092,20093,20076,20080,16
2025-06-06 22:08:56.394257,20085,20087,20071,20075,44
2025-06-06 22:09:56.394257,20070,20076,20071,20082,62
2025-06-06 22:10:56.394257,20087,20082,20074,20076,234
2025-06-06 22:11:56.394257,20070,20076,20072,20083,163
2025-06-06 22:12:56.394257,20091,20083,20082,20084,157
2025-06-06 22:13:56.394257,20084,20093,20078,20088,145
2025-06-06 22:14:56.394257,20092,20090,20087,20093,299
2025-06-06 22:15:56.394257,20098,20095,20091,20103,217
2025-06-06 22:16:56.394257,20112,20107,20102,20095,260
2025-06-06 22:17:56.394257,20091,20100,20087,20091,21
2025-06-06 22:18:56.394257,20099,20092,20089,20098,30
2025-06-06 22:19:56.394257,20105,20099,20096,20093,108
2025-06-06 22:20:56.394257,20101,20098,20089,20096,156
2025-06-06 22:21:56.394257,20087,20100,20094,20092,276
2025-06-06 22:22:56.394257,20093,20094,20084,20101,94
2025-06-06 22:23:56.394257,20100,20101,20092,20096,202
2025-06-06 22:24:56.394257,20101,20104,20093,20088,88
2025-06-06 22:25:56.394257,20081,20097,20080,20086,92
2025-06-06 22:26:56.394257,20092,20092,20078,20090,130
2025-06-06 22:27:56.394257,20091,20094,20083,20084,281
2025-06-06 22:28:56.394257,20074,20085,20076,20093,118
2025-06-06 22:29:56.394257,20094,20096,20083,20100,211
2025-06-06 22:30:56.394257,20104,20107,20097,20103,231
2025-06-06 22:31:56.394257,20106,20109,20095,20102,242
2025-06-06 22:32:56.394257,20104,20109,20097,20096,46
2025-06-06 22:33:56.394257,20087,20099,20091,20106,276
2025-06-06 22:34:56.394257,20113,20106,20099,20102,132
2025-06-06 22:35:56.394257,20094,20107,20101,20107,75
2025-06-06 22:36:56.394257,20113,20111,20103,20112,64
2025-06-06 22:37:56.394257,20103,20116,20109,20113,74
2025-06-06 22:38:56.394257,20103,20119,20107,20109,128
2025-06-06 22:39:56.394257,20106,20109,20107,20109,14
2025-06-06 22:40:56.394257,20116,20114,20108,20109,51
2025-06-06 22:41:56.394257,20108,20114,20106,20109,221
2025-06-06 22:42:56.394257,20112,20114,20099,20111,180
2025-06-06 22:43:56.394257,20112,20113,20106,20117,242
2025-06-06 22:44:56.394257,20122,20119,20108,20113,252
2025-06-06 22:45:56.394257,20118,20114,20104,20112,42
2025-06-06 22:46:56.394257,20111,20120,20111,20122,111
2025-06-06 22:47:56.394257,20129,20125,20113,20124,261
2025-06-06 22:48:56.394257,20116,20130,20120,20132,48
2025-06-06 22:49:56.394257,20137,20137,20129,20126,12
2025-06-06 22:50:56.394257,20123,20134,20123,20125,39
2025-06-06 22:51:56.394257,20123,20129,20121,20131,294
2025-06-06 22:52:56.394257,20139,20136,20124,20137,144
2025-06-06 22:53:56.394257,20141,20146,20136,20129,299
2025-06-06 22:54:56.394257,20134,20133,20120,20130,35
2025-06-06 22:55:56.394257,20129,20136,20124,20139,223
2025-06-06 22:56:56.394257,20133,20139,20136,20134,205
2025-06-06 22:57:56.394257,20132,20135,20125,20131,282
2025-06-06 22:58:56.394257,20126,20136,20127,20131,299
2025-06-06 22:59:56.394257,20126,20131,20121,20135,272
2025-06-06 23:00:56.394257,20130,20137,20129,20135,224
2025-06-06 23:01:56.394257,20139,20140,20127,20138,232
2025-06-06 23:02:56.394257,20138,20142,20134,20141,150
2025-06-06 23:03:56.394257,20143,20149,20137,20147,113
2025-06-06 23:04:56.394257,20145,20153,20142,20142,82
2025-06-06 23:05:56.394257,20142,20149,20139,20148,167
2025-06-06 23:06:56.394257,20142,20150,20143,20153,180
2025-06-06 23:07:56.394257,20156,20155,20145,20149,262
2025-06-06 23:08:56.394257,20157,20150,20146,20144,155
2025-06-06 23:09:56.394257,20147,20148,20141,20137,278
2025-06-06 23:10:56.394257,20129,20139,20131,20144,46
2025-06-06 23:11:56.394257,20139,20152,20134,20146,37
2025-06-06 23:12:56.394257,20147,20155,20142,20143,169
2025-06-06 23:13:56.394257,20134,20151,20134,20135,290
2025-06-06 23:14:56.394257,20129,20135,20126,20132,105
2025-06-06 23:15:56.394257,20138,20132,20125,20139,14
2025-06-06 23:16:56.394257,20148,20147,20137,20148,107
2025-06-06 23:17:56.394257,20144,20150,20144,20144,81
2025-06-06 23:18:56.394257,20148,20153,20134,20139,144
2025-06-06 23:19:56.394257,20143,20140,20133,20138,292
2025-06-06 23:20:56.394257,20132,20145,20133,20139,234
2025-06-06 23:21:56.394257,20129,20144,20134,20142,26
2025-06-06 23:22:56.394257,20142,20150,20137,20137,257
2025-06-06 23:23:56.394257,20143,20139,20131,20147,101
2025-06-06 23:24:56.394257,20140,20153,20146,20141,154
2025-06-06 23:25:56.394257,20141,20145,20140,20150,288
2025-06-06 23:26:56.394257,20152,20150,20143,20157,39
2025-06-06 23:27:56.394257,20158,20165,20153,20151,206
2025-06-06 23:28:56.394257,20159,20156,20145,20154,110
2025-06-06 23:29:56.394257,20145,20160,20146,20149,191
2025-06-06 23:30:56.394257,20143,20156,20140,20157,34
2025-06-06 23:31:56.394257,20153,20165,20155,20157,67
2025-06-06 23:32:56.394257,20148,20161,20147,20158,271
2025-06-06 23:33:56.394257,20167,20163,20153,20150,290
2025-06-06 23:34:56.394257,20151,20156,20147,20146,31
2025-06-06 23:35:56.394257,20143,20147,20138,20150,242
2025-06-06 23:36:56.394257,20141,20154,20140,20152,237
2025-06-06 23:37:56.394257,20144,20154,20149,20160,291
2025-06-06 23:38:56.394257,20169,20169,20159,20152,149
2025-06-06 23:39:56.394257,20161,20158,20144,20154,146
2025-06-06 23:40:56.394257,20149,20160,20148,20159,191
2025-06-06 23:41:56.394257,20151,20165,20155,20169,21
2025-06-06 23:42:56.394257,20174,20169,20166,20159,80
2025-06-06 23:43:56.394257,20165,20164,20153,20162,294
2025-06-06 23:44:56.394257,20171,20165,20158,20169,246
2025-06-06 23:45:56.394257,20169,20170,20160,20165,265
2025-06-06 23:46:56.394257,20157,20174,20155,20155,158
2025-06-06 23:47:56.394257,20148,20163,20147,20164,272
2025-06-06 23:48:56.394257,20167,20172,20155,20161,176
2025-06-06 23:49:56.394257,20156,20165,20160,20162,184
2025-06-06 23:50:56.394257,20170,20163,20153,20163,31
2025-06-06 23:51:56.394257,20162,20172,20157,20161,257
2025-06-06 23:52:56.394257,20160,20162,20151,20169,120
2025-06-06 23:53:56.394257,20159,20175,20167,20170,193
2025-06-06 23:54:56.394257,20166,20174,20164,20166,25
2025-06-06 23:55:56.394257,20175,20166,20159,20160,220
2025-06-06 23:56:56.394257,20157,20169,20153,20166,88
2025-06-06 23:57:56.394257,20175,20167,20159,20158,133
2025-06-06 23:58:56.394257,20164,20167,20148,20163,263
2025-06-06 23:59:56.394257,20164,20168,20160,20167,295
2025-06-07 00:00:56.394257,20163,20170,20166,20171,163
2025-06-07 00:01:56.394257,20174,20173,20170,20174,286
2025-06-07 00:02:56.394257,20171,20182,20166,20165,142
2025-06-07 00:03:56.394971,20170,20167,20160,20174,62
2025-06-07 00:04:56.394971,20174,20176,20172,20168,104
2025-06-07 00:05:56.394981,20160,20173,20165,20170,83
2025-06-07 00:06:56.394981,20172,20179,20168,20173,86
2025-06-07 00:07:56.394981,20166,20180,20170,20169,78
2025-06-07 00:08:56.394981,20177,20174,20163,20166,35
2025-06-07 00:09:56.394981,20173,20166,20165,20157,109
2025-06-07 00:10:56.394981,20155,20163,20150,20152,211
2025-06-07 00:11:56.394981,20149,20161,20142,20142,196
2025-06-07 00:12:56.394981,20151,20151,20141,20140,175
2025-06-07 00:13:56.394981,20144,20141,20136,20150,191
2025-06-07 00:14:56.394981,20148,20154,20142,20157,182
2025-06-07 00:15:56.394981,20165,20160,20153,20152,163
2025-06-07 00:16:56.394981,20151,20158,20150,20157,109
2025-06-07 00:17:56.394981,20149,20161,20147,20156,62
2025-06-07 00:18:56.394981,20157,20163,20154,20147,68
2025-06-07 00:19:56.394981,20151,20152,20146,20139,289
2025-06-07 00:20:56.394981,20142,20148,20129,20135,117
2025-06-07 00:21:56.394981,20141,20140,20129,20132,252
2025-06-07 00:22:56.394981,20129,20134,20126,20127,261
2025-06-07 00:23:56.394981,20127,20135,20120,20124,138
2025-06-07 00:24:56.394981,20114,20128,20120,20133,112
2025-06-07 00:25:56.394981,20132,20137,20129,20128,16
2025-06-07 00:26:56.394981,20134,20135,20126,20120,234
2025-06-07 00:27:56.394981,20112,20123,20111,20129,150
2025-06-07 00:28:56.394981,20124,20137,20124,20127,119
2025-06-07 00:29:56.394981,20134,20130,20117,20126,173
2025-06-07 00:30:56.394981,20127,20129,20121,20127,140
2025-06-07 00:31:56.394981,20136,20133,20123,20128,249
2025-06-07 00:32:56.394981,20129,20136,20123,20134,78
2025-06-07 00:33:56.394981,20130,20143,20132,20134,164
2025-06-07 00:34:56.394981,20129,20134,20130,20129,288
2025-06-07 00:35:56.394981,20124,20134,20126,20138,38
2025-06-07 00:36:56.394981,20138,20144,20132,20135,255
2025-06-07 00:37:56.394981,20133,20137,20128,20125,153
2025-06-07 00:38:56.394981,20132,20129,20123,20120,262
2025-06-07 00:39:56.394981,20123,20120,20111,20123,291
2025-06-07 00:40:56.394981,20122,20127,20121,20119,31
2025-06-07 00:41:56.394981,20120,20128,20110,20129,204
2025-06-07 00:42:56.394981,20120,20133,20126,20131,13
2025-06-07 00:43:56.394981,20137,20132,20129,20139,85
2025-06-07 00:44:56.394981,20135,20145,20136,20142,237
2025-06-07 00:45:56.394981,20133,20143,20140,20144,79
2025-06-07 00:46:56.394981,20134,20149,20135,20141,79
2025-06-07 00:47:56.394981,20143,20148,20133,20147,84
2025-06-07 00:48:56.394981,20148,20154,20146,20143,146
2025-06-07 00:49:56.394981,20145,20146,20135,20151,283
2025-06-07 00:50:56.394981,20143,20152,20144,20147,215
2025-06-07 00:51:56.394981,20155,20156,20145,20157,61
2025-06-07 00:52:56.394981,20154,20158,20149,20163,238
2025-06-07 00:53:56.394981,20170,20172,20159,20160,226
2025-06-07 00:54:56.394981,20161,20165,20154,20152,156
2025-06-07 00:55:56.394981,20154,20157,20143,20161,153
2025-06-07 00:56:56.394981,20151,20162,20157,20163,193
2025-06-07 00:57:56.394981,20155,20164,20161,20160,150
2025-06-07 00:58:56.394981,20165,20163,20156,20163,106
2025-06-07 00:59:56.394981,20166,20170,20154,20172,135
2025-06-07 01:00:56.394981,20179,20177,20163,20169,174
2025-06-07 01:01:56.394981,20177,20174,20165,20160,22
2025-06-07 01:02:56.394981,20154,20167,20158,20153,220
2025-06-07 01:03:56.394981,20155,20156,20152,20161,138
2025-06-07 01:04:56.394981,20166,20167,20156,20157,272
2025-06-07 01:05:56.394981,20147,20165,20150,20160,104
2025-06-07 01:06:56.394981,20164,20169,20152,20158,221
2025-06-07 01:07:56.394981,20163,20161,20152,20153,222
2025-06-07 01:08:56.394981,20154,20160,20144,20155,190
2025-06-07 01:09:56.394981,20160,20157,20154,20149,246
2025-06-07 01:10:56.394981,20154,20157,20146,20155,213
2025-06-07 01:11:56.394981,20156,20155,20146,20150,212
2025-06-07 01:12:56.394981,20146,20156,20148,20143,101
2025-06-07 01:13:56.394981,20140,20147,20139,20140,167
2025-06-07 01:14:56.394981,20131,20143,20134,20147,107
2025-06-07 01:15:56.394981,20139,20156,20144,20145,89
2025-06-07 01:16:56.394981,20143,20147,20142,20155,270
2025-06-07 01:17:56.394981,20156,20157,20146,20162,43
2025-06-07 01:18:56.394981,20162,20167,20157,20170,258
2025-06-07 01:19:56.394981,20178,20174,20165,20162,289
2025-06-07 01:20:56.394981,20164,20162,20155,20152,298
2025-06-07 01:21:56.394981,20142,20154,20146,20153,266
2025-06-07 01:22:56.394981,20146,20153,20152,20145,24
2025-06-07 01:23:56.394981,20151,20152,20141,20138,284
2025-06-07 01:24:56.394981,20135,20143,20134,20139,74
2025-06-07 01:25:56.394981,20143,20144,20136,20131,177
2025-06-07 01:26:56.394981,20131,20134,20129,20138,236
2025-06-07 01:27:56.394981,20129,20141,20134,20133,96
2025-06-07 01:28:56.394981,20136,20140,20130,20140,146
2025-06-07 01:29:56.394981,20133,20148,20131,20147,66
2025-06-07 01:30:56.394981,20145,20153,20137,20151,103
2025-06-07 01:31:56.394981,20160,20157,20145,20158,19
2025-06-07 01:32:56.394981,20167,20161,20148,20168,73
2025-06-07 01:33:56.394981,20173,20176,20164,20166,162
2025-06-07 01:34:56.394981,20174,20169,20161,20176,30
2025-06-07 01:35:56.394981,20182,20183,20173,20179,256
2025-06-07 01:36:56.394981,20170,20184,20178,20187,19
2025-06-07 01:37:56.394981,20181,20187,20178,20177,118
2025-06-07 01:38:56.394981,20178,20182,20170,20183,101
2025-06-07 01:39:56.394981,20177,20186,20179,20184,134
2025-06-07 01:40:56.394981,20183,20191,20179,20193,281
2025-06-07 01:41:56.394981,20192,20201,20191,20190,81
2025-06-07 01:42:56.394981,20190,20191,20181,20189,288
2025-06-07 01:43:56.394981,20197,20198,20184,20191,42
2025-06-07 01:44:56.394981,20192,20197,20185,20184,108
2025-06-07 01:45:56.394981,20190,20192,20182,20179,233
2025-06-07 01:46:56.394981,20180,20184,20171,20169,15
2025-06-07 01:47:56.394981,20160,20175,20165,20174,24
2025-06-07 01:48:56.394981,20182,20179,20167,20184,166
2025-06-07 01:49:56.394981,20190,20193,20176,20191,168
2025-06-07 01:50:56.394981,20182,20197,20181,20200,72
2025-06-07 01:51:56.394981,20191,20204,20191,20191,114
2025-06-07 01:52:56.394981,20196,20200,20184,20184,142
2025-06-07 01:53:56.394981,20186,20189,20174,20191,137
2025-06-07 01:54:56.394981,20186,20199,20188,20200,284
2025-06-07 01:55:56.394981,20200,20203,20195,20208,194
2025-06-07 01:56:56.394981,20200,20210,20202,20203,245
2025-06-07 01:57:56.394981,20196,20210,20202,20201,148
2025-06-07 01:58:56.394981,20207,20203,20197,20205,221
2025-06-07 01:59:56.394981,20213,20213,20197,20208,121
2025-06-07 02:00:56.394981,20209,20214,20202,20202,214
2025-06-07 02:01:56.394981,20209,20206,20193,20210,196
2025-06-07 02:02:56.394981,20206,20219,20200,20206,286
2025-06-07 02:03:56.394981,20215,20212,20199,20216,12
2025-06-07 02:04:56.394981,20221,20219,20211,20206,226
2025-06-07 02:05:56.394981,20203,20208,20203,20197,54
2025-06-07 02:06:56.394981,20195,20203,20190,20204,61
2025-06-07 02:07:56.394981,20203,20206,20197,20194,245
2025-06-07 02:08:56.394981,20192,20194,20191,20195,89
2025-06-07 02:09:56.394981,20185,20196,20188,20203,30
2025-06-07 02:10:56.394981,20211,20209,20196,20196,70
2025-06-07 02:11:56.394981,20189,20205,20194,20190,84
2025-06-07 02:12:56.394981,20187,20199,20188,20187,258
2025-06-07 02:13:56.394981,20178,20195,20181,20193,244
2025-06-07 02:14:56.394981,20186,20196,20191,20189,121
2025-06-07 02:15:56.394981,20183,20196,20186,20186,50
2025-06-07 02:16:56.394981,20176,20195,20185,20185,29
2025-06-07 02:17:56.394981,20182,20188,20182,20184,17
2025-06-07 02:18:56.394981,20183,20188,20175,20191,123
2025-06-07 02:19:56.394981,20182,20193,20184,20194,41
2025-06-07 02:20:56.394981,20201,20196,20184,20201,181
2025-06-07 02:21:56.394981,20191,20203,20194,20191,248
2025-06-07 02:22:56.394981,20193,20193,20181,20195,186
2025-06-07 02:23:56.394981,20193,20197,20189,20197,279
2025-06-07 02:24:56.394981,20191,20198,20188,20198,212
2025-06-07 02:25:56.394981,20191,20201,20195,20193,213
2025-06-07 02:26:56.394981,20187,20194,20188,20200,241
2025-06-07 02:27:56.394981,20192,20209,20197,20190,134
2025-06-07 02:28:56.394981,20192,20197,20183,20187,295
2025-06-07 02:29:56.394981,20189,20196,20180,20187,209
2025-06-07 02:30:56.394981,20193,20190,20186,20179,177
2025-06-07 02:31:56.394981,20180,20185,20171,20175,131
2025-06-07 02:32:56.394981,20172,20183,20166,20172,162
2025-06-07 02:33:56.394981,20169,20181,20162,20167,24
2025-06-07 02:34:56.394981,20172,20171,20161,20163,16
2025-06-07 02:35:56.394981,20167,20166,20160,20164,157
2025-06-07 02:36:56.394981,20155,20170,20159,20174,297
2025-06-07 02:37:56.394981,20176,20182,20167,20164,128
2025-06-07 02:38:56.394981,20173,20166,20162,20171,243
2025-06-07 02:39:56.394981,20171,20175,20169,20161,57
2025-06-07 02:40:56.394981,20153,20162,20156,20156,97
2025-06-07 02:41:56.394981,20156,20160,20149,20162,112
2025-06-07 02:42:56.394981,20165,20168,20153,20157,57
2025-06-07 02:43:56.394981,20152,20158,20148,20162,199
2025-06-07 02:44:56.394981,20154,20170,20155,20165,225
2025-06-07 02:45:56.394981,20159,20168,20155,20164,53
2025-06-07 02:46:56.394981,20161,20170,20157,20173,179
2025-06-07 02:47:56.394981,20164,20181,20166,20165,172
2025-06-07 02:48:56.394981,20168,20174,20156,20169,108
2025-06-07 02:49:56.394981,20175,20172,20167,20166,103
2025-06-07 02:50:56.394981,20170,20166,20160,20168,234
2025-06-07 02:51:56.394981,20167,20173,20162,20175,90
2025-06-07 02:52:56.394981,20167,20176,20165,20176,281
2025-06-07 02:53:56.394981,20182,20180,20173,20173,251
2025-06-07 02:54:56.394981,20170,20178,20163,20169,181
2025-06-07 02:55:56.394981,20159,20171,20166,20175,11
2025-06-07 02:56:56.394981,20167,20175,20171,20166,63
2025-06-07 02:57:56.394981,20168,20171,20165,20164,119
2025-06-07 02:58:56.394981,20154,20166,20156,20170,14
2025-06-07 02:59:56.394981,20164,20173,20166,20169,288
2025-06-07 03:00:56.394981,20160,20171,20161,20179,247
2025-06-07 03:01:56.394981,20184,20183,20178,20177,40
2025-06-07 03:02:56.394981,20173,20186,20171,20177,255
2025-06-07 03:03:56.394981,20178,20179,20170,20169,36
2025-06-07 03:04:56.394981,20169,20178,20164,20169,28
2025-06-07 03:05:56.394981,20168,20175,20166,20169,127
2025-06-07 03:06:56.394981,20168,20177,20166,20175,94
2025-06-07 03:07:56.394981,20175,20175,20165,20181,271
2025-06-07 03:08:56.394981,20175,20183,20173,20175,85
2025-06-07 03:09:56.394981,20174,20180,20168,20166,226
2025-06-07 03:10:56.394981,20158,20169,20158,20166,15
2025-06-07 03:11:56.394981,20157,20168,20157,20164,198
2025-06-07 03:12:56.394981,20160,20166,20162,20166,249
2025-06-07 03:13:56.394981,20158,20173,20163,20164,118
2025-06-07 03:14:56.394981,20172,20172,20157,20165,64
2025-06-07 03:15:56.394981,20171,20172,20157,20163,44
2025-06-07 03:16:56.394981,20167,20169,20156,20158,285
2025-06-07 03:17:56.394981,20153,20163,20154,20152,91
2025-06-07 03:18:56.394981,20142,20156,20151,20142,150
2025-06-07 03:19:56.394981,20150,20144,20137,20147,144
2025-06-07 03:20:56.394981,20138,20155,20137,20155,62
2025-06-07 03:21:56.394981,20151,20161,20145,20152,209
2025-06-07 03:22:56.394981,20154,20159,20142,20152,71
2025-06-07 03:23:56.394981,20158,20155,20146,20158,51
2025-06-07 03:24:56.394981,20159,20163,20149,20164,214
2025-06-07 03:25:56.394981,20162,20170,20163,20170,289
2025-06-07 03:26:56.394981,20177,20179,20160,20168,137
2025-06-07 03:27:56.394981,20169,20171,20161,20164,135
2025-06-07 03:28:56.394981,20163,20173,20160,20168,218
2025-06-07 03:29:56.394981,20177,20168,20167,20177,71
2025-06-07 03:30:56.394981,20183,20181,20167,20176,89
2025-06-07 03:31:56.394981,20185,20183,20175,20172,82
2025-06-07 03:32:56.394981,20176,20178,20169,20166,249
2025-06-07 03:33:56.394981,20163,20171,20163,20162,256
2025-06-07 03:34:56.394981,20156,20163,20161,20172,298
2025-06-07 03:35:56.394981,20164,20177,20163,20164,287
2025-06-07 03:36:56.394981,20166,20171,20158,20166,128
2025-06-07 03:37:56.394981,20166,20174,20162,20169,188
2025-06-07 03:38:56.394981,20176,20173,20168,20177,59
2025-06-07 03:39:56.394981,20177,20179,20175,20187,82
2025-06-07 03:40:56.394981,20179,20194,20185,20179,27
2025-06-07 03:41:56.394981,20178,20186,20172,20173,88
2025-06-07 03:42:56.394981,20168,20179,20166,20179,233
2025-06-07 03:43:56.395975,20179,20179,20177,20171,201
2025-06-07 03:44:56.395975,20168,20178,20165,20180,263
2025-06-07 03:45:56.395975,20184,20183,20177,20184,24
2025-06-07 03:46:56.395975,20181,20188,20182,20189,210
2025-06-07 03:47:56.395975,20189,20198,20184,20191,231
2025-06-07 03:48:56.395975,20193,20200,20181,20185,180
2025-06-07 03:49:56.395975,20175,20191,20177,20193,183
2025-06-07 03:50:56.395975,20200,20198,20184,20187,181
2025-06-07 03:51:56.395975,20193,20196,20181,20185,209
2025-06-07 03:52:56.395975,20175,20185,20179,20187,205
2025-06-07 03:53:56.395975,20195,20194,20180,20178,165
2025-06-07 03:54:56.395975,20170,20182,20176,20172,97
2025-06-07 03:55:56.395975,20163,20172,20164,20173,88
2025-06-07 03:56:56.395975,20179,20182,20166,20166,71
2025-06-07 03:57:56.395975,20164,20174,20156,20162,194
2025-06-07 03:58:56.395975,20156,20168,20161,20158,204
2025-06-07 03:59:56.395975,20160,20167,20156,20152,143
2025-06-07 04:00:56.395975,20155,20153,20145,20158,202
2025-06-07 04:01:56.396014,20167,20166,20155,20158,156
2025-06-07 04:02:56.396014,20151,20167,20154,20153,128
2025-06-07 04:03:56.396014,20160,20161,20144,20151,235
2025-06-07 04:04:56.396014,20152,20153,20141,20152,268
2025-06-07 04:05:56.396022,20154,20153,20147,20160,59
2025-06-07 04:06:56.396022,20159,20168,20154,20161,99
2025-06-07 04:07:56.396022,20166,20170,20156,20158,202
2025-06-07 04:08:56.396022,20161,20167,20154,20165,134
2025-06-07 04:09:56.396022,20167,20171,20163,20166,206
2025-06-07 04:10:56.396022,20167,20173,20163,20162,16
2025-06-07 04:11:56.396022,20170,20168,20160,20166,247
2025-06-07 04:12:56.396022,20163,20168,20164,20161,247
2025-06-07 04:13:56.396022,20164,20163,20158,20164,32
2025-06-07 04:14:56.396022,20167,20165,20159,20159,122
2025-06-07 04:15:56.396022,20163,20159,20150,20158,200
2025-06-07 04:16:56.396022,20156,20167,20149,20159,20
2025-06-07 04:17:56.396022,20160,20161,20156,20155,70
2025-06-07 04:18:56.396022,20149,20163,20151,20162,251
2025-06-07 04:19:56.396022,20166,20167,20155,20167,71
2025-06-07 04:20:56.396022,20161,20172,20162,20162,144
2025-06-07 04:21:56.396022,20156,20168,20155,20167,126
2025-06-07 04:22:56.396022,20160,20174,20166,20169,264
2025-06-07 04:23:56.396022,20177,20170,20162,20179,132
2025-06-07 04:24:56.396022,20177,20187,20171,20181,88
2025-06-07 04:25:56.396022,20185,20189,20175,20171,247
2025-06-07 04:26:56.396022,20177,20177,20164,20164,124
2025-06-07 04:27:56.396022,20156,20168,20160,20154,287
2025-06-07 04:28:56.396022,20148,20162,20151,20163,60
2025-06-07 04:29:56.396022,20154,20170,20157,20165,189
2025-06-07 04:30:56.396022,20173,20168,20155,20156,299
2025-06-07 04:31:56.396022,20151,20162,20149,20148,133
2025-06-07 04:32:56.396022,20144,20156,20139,20154,278
2025-06-07 04:33:56.396022,20148,20156,20153,20158,161
2025-06-07 04:34:56.396022,20149,20164,20148,20165,214
2025-06-07 04:35:56.396022,20163,20172,20162,20162,267
2025-06-07 04:36:56.396022,20167,20166,20161,20167,45
2025-06-07 04:37:56.396022,20158,20174,20161,20157,104
2025-06-07 04:38:56.396022,20166,20160,20147,20151,116
2025-06-07 04:39:56.396022,20141,20151,20144,20151,17
2025-06-07 04:40:56.396022,20160,20158,20150,20157,161
2025-06-07 04:41:56.396022,20160,20165,20153,20151,286
2025-06-07 04:42:56.396022,20156,20155,20144,20145,221
2025-06-07 04:43:56.396022,20145,20149,20139,20143,226
2025-06-07 04:44:56.396022,20151,20149,20137,20137,58
2025-06-07 04:45:56.396022,20131,20146,20127,20146,102
2025-06-07 04:46:56.396022,20138,20148,20137,20136,87
2025-06-07 04:47:56.396022,20141,20143,20134,20136,45
2025-06-07 04:48:56.396022,20128,20145,20132,20133,28
2025-06-07 04:49:56.396022,20133,20134,20131,20130,67
2025-06-07 04:50:56.396022,20138,20133,20121,20126,24
2025-06-07 04:51:56.396022,20125,20126,20117,20120,224
2025-06-07 04:52:56.396022,20121,20120,20112,20129,256
2025-06-07 04:53:56.396022,20130,20137,20124,20122,84
2025-06-07 04:54:56.396022,20130,20123,20114,20131,250
2025-06-07 04:55:56.396022,20126,20139,20125,20139,12
2025-06-07 04:56:56.396022,20138,20143,20131,20138,285
2025-06-07 04:57:56.396022,20139,20138,20130,20133,221
2025-06-07 04:58:56.396022,20126,20139,20132,20138,278
2025-06-07 04:59:56.396022,20136,20143,20137,20137,68
2025-06-07 05:00:56.396022,20143,20141,20128,20132,262
2025-06-07 05:01:56.396022,20141,20139,20123,20135,278
2025-06-07 05:02:56.396022,20127,20144,20126,20132,75
2025-06-07 05:03:56.396022,20129,20134,20129,20142,236
2025-06-07 05:04:56.396022,20149,20150,20140,20135,195
2025-06-07 05:05:56.396022,20131,20137,20132,20139,207
2025-06-07 05:06:56.396022,20130,20148,20136,20134,284
2025-06-07 05:07:56.396022,20141,20142,20133,20124,149
2025-06-07 05:08:56.396022,20117,20124,20119,20121,210
2025-06-07 05:09:56.396022,20127,20129,20120,20114,244
2025-06-07 05:10:56.396022,20113,20122,20109,20118,189
2025-06-07 05:11:56.396022,20117,20120,20114,20114,189
2025-06-07 05:12:56.396022,20111,20119,20107,20121,160
2025-06-07 05:13:56.396022,20130,20126,20115,20130,257
2025-06-07 05:14:56.396022,20137,20136,20126,20135,115
2025-06-07 05:15:56.396022,20134,20136,20127,20126,195
2025-06-07 05:16:56.396022,20118,20128,20123,20121,54
2025-06-07 05:17:56.396022,20118,20125,20120,20116,40
2025-06-07 05:18:56.396022,20122,20125,20111,20111,52
2025-06-07 05:19:56.396022,20109,20111,20104,20110,283
2025-06-07 05:20:56.396022,20100,20119,20101,20104,86
2025-06-07 05:21:56.396022,20101,20108,20103,20100,147
2025-06-07 05:22:56.396022,20102,20104,20094,20097,49
2025-06-07 05:23:56.396022,20095,20101,20087,20095,134
2025-06-07 05:24:56.396022,20099,20095,20091,20089,230
2025-06-07 05:25:56.396022,20082,20090,20088,20099,75
2025-06-07 05:26:56.396022,20102,20103,20097,20090,29
2025-06-07 05:27:56.396022,20088,20098,20081,20099,170
2025-06-07 05:28:56.396022,20095,20108,20096,20101,273
2025-06-07 05:29:56.396022,20098,20109,20091,20097,72
2025-06-07 05:30:56.396022,20099,20100,20095,20102,85
2025-06-07 05:31:56.396022,20103,20106,20093,20092,22
2025-06-07 05:32:56.396022,20095,20096,20085,20084,92
2025-06-07 05:33:56.396022,20086,20088,20074,20085,172
2025-06-07 05:34:56.396022,20080,20091,20078,20084,162
2025-06-07 05:35:56.396022,20085,20085,20075,20094,165
2025-06-07 05:36:56.396022,20095,20097,20091,20100,203
2025-06-07 05:37:56.396022,20105,20105,20093,20101,297
2025-06-07 05:38:56.396022,20098,20106,20099,20098,259
2025-06-07 05:39:56.396022,20105,20103,20093,20099,286
2025-06-07 05:40:56.396022,20099,20105,20091,20108,178
2025-06-07 05:41:56.396022,20098,20117,20100,20101,10
2025-06-07 05:42:56.396022,20097,20107,20096,20095,74
2025-06-07 05:43:56.396022,20100,20097,20087,20100,56
2025-06-07 05:44:56.396022,20095,20106,20098,20093,54
2025-06-07 05:45:56.396022,20100,20099,20087,20103,233
2025-06-07 05:46:56.396022,20101,20107,20094,20112,23
2025-06-07 05:47:56.396022,20102,20116,20109,20110,13
2025-06-07 05:48:56.396022,20116,20110,20107,20106,285
2025-06-07 05:49:56.396022,20105,20111,20096,20106,141
2025-06-07 05:50:56.396022,20114,20111,20098,20100,260
2025-06-07 05:51:56.396022,20105,20106,20099,20093,156
2025-06-07 05:52:56.396022,20088,20099,20085,20099,110
2025-06-07 05:53:56.396022,20103,20101,20096,20109,31
2025-06-07 05:54:56.396022,20100,20112,20101,20100,228
2025-06-07 05:55:56.396022,20101,20100,20096,20092,226
2025-06-07 05:56:56.396022,20090,20101,20083,20087,134
2025-06-07 05:57:56.396022,20090,20089,20083,20080,101
2025-06-07 05:58:56.396022,20079,20085,20078,20080,96
2025-06-07 05:59:56.396022,20074,20088,20073,20090,298
2025-06-07 06:00:56.396022,20098,20097,20084,20098,39
2025-06-07 06:01:56.396022,20089,20106,20092,20108,297
2025-06-07 06:02:56.396022,20103,20117,20103,20116,118
2025-06-07 06:03:56.396022,20114,20124,20109,20126,235
2025-06-07 06:04:56.396022,20131,20135,20121,20129,44
2025-06-07 06:05:56.396022,20135,20134,20125,20124,233
2025-06-07 06:06:56.396022,20124,20130,20123,20129,25
2025-06-07 06:07:56.396022,20120,20137,20128,20138,57
2025-06-07 06:08:56.396022,20138,20147,20133,20129,110
2025-06-07 06:09:56.396022,20121,20136,20128,20134,264
2025-06-07 06:10:56.396022,20140,20142,20131,20136,55
2025-06-07 06:11:56.396022,20130,20143,20130,20138,223
2025-06-07 06:12:56.396022,20128,20145,20132,20146,275
2025-06-07 06:13:56.396022,20136,20146,20144,20154,71
2025-06-07 06:14:56.396022,20152,20158,20146,20154,121
2025-06-07 06:15:56.396022,20156,20161,20147,20156,75
2025-06-07 06:16:56.396022,20165,20157,20151,20148,68
2025-06-07 06:17:56.396022,20143,20148,20141,20155,178
2025-06-07 06:18:56.396022,20163,20157,20148,20147,185
2025-06-07 06:19:56.396022,20148,20148,20145,20147,105
2025-06-07 06:20:56.396022,20146,20151,20146,20146,45
2025-06-07 06:21:56.396022,20140,20155,20138,20140,219
2025-06-07 06:22:56.396022,20146,20149,20133,20143,57
2025-06-07 06:23:56.396022,20133,20144,20138,20138,239
2025-06-07 06:24:56.396022,20133,20141,20130,20131,142
2025-06-07 06:25:56.396022,20124,20138,20122,20125,283
2025-06-07 06:26:56.396022,20118,20132,20124,20128,79
2025-06-07 06:27:56.396022,20129,20136,20119,20118,148
2025-06-07 06:28:56.396022,20119,20119,20109,20109,248
2025-06-07 06:29:56.396022,20110,20109,20105,20113,134
2025-06-07 06:30:56.396022,20111,20115,20105,20121,181
2025-06-07 06:31:56.396022,20114,20130,20114,20124,125
2025-06-07 06:32:56.396022,20126,20131,20119,20127,262
2025-06-07 06:33:56.396022,20133,20129,20117,20132,96
2025-06-07 06:34:56.396022,20125,20139,20127,20129,226
2025-06-07 06:35:56.396022,20122,20135,20121,20134,273
2025-06-07 06:36:56.396022,20136,20135,20130,20127,215
2025-06-07 06:37:56.396022,20124,20127,20125,20119,30
2025-06-07 06:38:56.396022,20124,20120,20110,20125,49
2025-06-07 06:39:56.396022,20132,20132,20116,20124,135
2025-06-07 06:40:56.396022,20118,20129,20115,20133,110
2025-06-07 06:41:56.396022,20140,20140,20123,20127,212
2025-06-07 06:42:56.396022,20132,20135,20125,20135,64
2025-06-07 06:43:56.396022,20129,20140,20126,20126,255
2025-06-07 06:44:56.396022,20132,20131,20116,20125,252
2025-06-07 06:45:56.396022,20124,20132,20121,20129,250
2025-06-07 06:46:56.396022,20119,20133,20119,20124,102
2025-06-07 06:47:56.396022,20125,20127,20116,20119,280
2025-06-07 06:48:56.396022,20110,20121,20116,20116,246
2025-06-07 06:49:56.396022,20120,20119,20108,20125,298
2025-06-07 06:50:56.396022,20124,20130,20123,20134,89
2025-06-07 06:51:56.396022,20133,20136,20126,20143,281
2025-06-07 06:52:56.396022,20146,20150,20135,20137,228
2025-06-07 06:53:56.396022,20135,20142,20128,20128,241
2025-06-07 06:54:56.396022,20134,20128,20120,20122,95
2025-06-07 06:55:56.396022,20122,20126,20121,20114,47
2025-06-07 06:56:56.396022,20122,20119,20107,20112,236
2025-06-07 06:57:56.396022,20121,20115,20102,20106,42
2025-06-07 06:58:56.396022,20106,20106,20102,20097,247
2025-06-07 06:59:56.396022,20087,20104,20094,20107,240
2025-06-07 07:00:56.396022,20110,20107,20098,20107,206
2025-06-07 07:01:56.396022,20107,20109,20103,20110,280
2025-06-07 07:02:56.396022,20113,20112,20103,20110,277
2025-06-07 07:03:56.396022,20104,20115,20103,20104,228
2025-06-07 07:04:56.396022,20106,20107,20097,20106,141
2025-06-07 07:05:56.396022,20107,20111,20096,20098,29
2025-06-07 07:06:56.396022,20105,20107,20097,20096,183
2025-06-07 07:07:56.396022,20089,20102,20089,20099,29
2025-06-07 07:08:56.396022,20108,20103,20096,20099,57
2025-06-07 07:09:56.396022,20103,20103,20091,20093,62
2025-06-07 07:10:56.396022,20084,20101,20088,20093,82
2025-06-07 07:11:56.396022,20097,20101,20089,20092,30
2025-06-07 07:12:56.396022,20098,20096,20082,20096,274
2025-06-07 07:13:56.396022,20099,20098,20086,20105,127
2025-06-07 07:14:56.396022,20096,20114,20097,20103,200
2025-06-07 07:15:56.396022,20094,20110,20095,20096,211
2025-06-07 07:16:56.396022,20096,20096,20089,20093,206
2025-06-07 07:17:56.396022,20094,20101,20091,20089,266
2025-06-07 07:18:56.396022,20079,20091,20080,20088,290
2025-06-07 07:19:56.396022,20097,20093,20081,20083,153
2025-06-07 07:20:56.396022,20076,20086,20073,20086,237
2025-06-07 07:21:56.396022,20094,20089,20078,20076,52
2025-06-07 07:22:56.396022,20085,20081,20074,20075,147
2025-06-07 07:23:56.396022,20084,20075,20067,20066,166
2025-06-07 07:24:56.396022,20059,20067,20064,20076,275
2025-06-07 07:25:56.396022,20066,20082,20072,20071,46
2025-06-07 07:26:56.396022,20065,20080,20064,20081,161
2025-06-07 07:27:56.396022,20076,20085,20079,20077,277
2025-06-07 07:28:56.396022,20083,20079,20075,20067,238
2025-06-07 07:29:56.396022,20063,20070,20063,20073,209
2025-06-07 07:30:56.396022,20064,20078,20071,20063,127
2025-06-07 07:31:56.396022,20057,20064,20056,20064,285
2025-06-07 07:32:56.396022,20060,20072,20059,20062,14
2025-06-07 07:33:56.396022,20061,20066,20052,20069,135
2025-06-07 07:34:56.396022,20065,20077,20067,20061,139
2025-06-07 07:35:56.396022,20063,20065,20057,20068,168
2025-06-07 07:36:56.396022,20073,20068,20058,20066,30
2025-06-07 07:37:56.396022,20058,20072,20056,20066,269
2025-06-07 07:38:56.396022,20056,20073,20056,20064,215
2025-06-07 07:39:56.396022,20065,20072,20059,20065,77
2025-06-07 07:40:56.396022,20070,20066,20056,20057,224
2025-06-07 07:41:56.396022,20047,20063,20054,20061,157
2025-06-07 07:42:56.396022,20063,20061,20052,20053,222
2025-06-07 07:43:56.396022,20052,20055,20044,20052,212
2025-06-07 07:44:56.396022,20048,20056,20049,20043,96
2025-06-07 07:45:56.396022,20048,20051,20042,20045,228
2025-06-07 07:46:56.396022,20037,20045,20042,20046,152
2025-06-07 07:47:56.396022,20038,20054,20039,20037,91
2025-06-07 07:48:56.396022,20029,20043,20028,20043,32
2025-06-07 07:49:56.396022,20036,20044,20042,20037,63
2025-06-07 07:50:56.396022,20033,20038,20030,20030,257
2025-06-07 07:51:56.396022,20033,20036,20027,20024,246
2025-06-07 07:52:56.396022,20017,20025,20014,20020,32
2025-06-07 07:53:56.396022,20029,20021,20013,20017,281
2025-06-07 07:54:56.396022,20019,20021,20014,20017,153
2025-06-07 07:55:56.396022,20008,20022,20007,20014,196
2025-06-07 07:56:56.396022,20009,20019,20012,20016,273
2025-06-07 07:57:56.396022,20012,20020,20008,20018,229
2025-06-07 07:58:56.396022,20020,20025,20011,20016,42
2025-06-07 07:59:56.396022,20015,20017,20006,20015,24
2025-06-07 08:00:56.396022,20021,20023,20009,20009,83
2025-06-07 08:01:56.396022,20007,20014,20008,19999,47
2025-06-07 08:02:56.396022,20001,20001,19993,20006,284
2025-06-07 08:03:56.396022,19998,20008,20002,20004,110
2025-06-07 08:04:56.396022,19997,20010,19999,19996,194
2025-06-07 08:05:56.396022,19988,19998,19988,20006,160
2025-06-07 08:06:56.396022,20012,20014,20002,19997,172
2025-06-07 08:07:56.396022,19994,20003,19987,19992,211
2025-06-07 08:08:56.396022,19997,19993,19986,19999,182
2025-06-07 08:09:56.396022,19995,20003,19990,20003,292
2025-06-07 08:10:56.396022,19995,20003,19999,20000,85
2025-06-07 08:11:56.396022,20004,20003,19996,20009,246
2025-06-07 08:12:56.396022,20009,20017,19999,20019,105
2025-06-07 08:13:56.396022,20010,20028,20012,20020,255
2025-06-07 08:14:56.396022,20026,20026,20014,20029,146
2025-06-07 08:15:56.396022,20026,20037,20025,20037,240
2025-06-07 08:16:56.396022,20028,20038,20032,20034,64
2025-06-07 08:17:56.396022,20032,20041,20024,20029,202
2025-06-07 08:18:56.396022,20028,20033,20026,20034,80
2025-06-07 08:19:56.396022,20031,20036,20027,20043,277
